Post Unique Reference,Name,Grade (or equivalent),Job Title,Job/Team Function,Parent Department,Organisation,Unit,Contact Phone Number,Contact E-mail,Reports to Senior Post,Salary Cost of Reports (£),FTE,Actual Pay Floor (£),Actual Pay Ceiling (£),Profession,Notes,Valid?
HMCTS1,Sidonie Kingsmill,SCS2,Other.Director,Customer Director's Office,Ministry of Justice,AGY - HMCTS,HQ Customer Services,020 3334 3555,general.queries@justice.gsi.gov.uk,HMCTS16,3440599,1,125000,129999,Operational Delivery,,1
PG1,N/D,SCS1,Operation Delivery.Deputy Director,Finance Projects and Service Management,Ministry of Justice,AGY - MoJ HQ,DIR - MoJ Shared Services,020 3334 3555,general.queries@justice.gsi.gov.uk,PG11,356781,1,N/A,N/A,Operational Delivery,,1
JPSCG1,Mark Sweeney,SCS3,Operation Delivery.Director General,DG Justice Policy Strategy & Communications Admin,Ministry of Justice,AGY - MoJ HQ,"DIR - DG Justice Policy, Strategy & Communications",020 3334 3555,general.queries@justice.gsi.gov.uk,JPSCG29,62913942,1,130000,134999,Policy,,1
HMCTS2,N/D,SCS1,Operation Delivery.Deputy Director,Enf - London Region,Ministry of Justice,AGY - HMCTS,London Enforcement,020 3334 3555,general.queries@justice.gsi.gov.uk,HMCTS9,18790058,1,N/A,N/A,Operational Delivery,,1
HMCTS3,Louise Alexander,SCS2,Other.Director,HMCTS HR Director's Office,Ministry of Justice,AGY - HMCTS,HQ Human Resources,020 3334 3555,general.queries@justice.gsi.gov.uk,HMCTS16,1532628,1,110000,114999,Human Resources,,1
JPSCG2,N/D,SCS1,Policy Delivery.Director,Europe,Ministry of Justice,AGY - MoJ HQ,"DIR - DG Justice Policy, Strategy & Communications",020 3334 3555,general.queries@justice.gsi.gov.uk,JPSCG6,965100,1,N/A,N/A,Policy,,1
HMCTS4,N/D,SCS1,Operation Delivery.Deputy Director,London RSU 2,Ministry of Justice,AGY - HMCTS,CT London Regional Office,020 3334 3555,general.queries@justice.gsi.gov.uk,HMCTS43,445739,1,N/A,N/A,Operational Delivery,,1
JPSCG3,Nicholas Goodwin,SCS2,Policy Delivery.Director,DG Justice Policy Strategy & Communications Admin,Ministry of Justice,AGY - MoJ HQ,"DIR - DG Justice Policy, Strategy & Communications",020 3334 3555,general.queries@justice.gsi.gov.uk,JPSCG1,4009194,1,90000,94999,Policy,,1
JPSCG4,N/D,SCS1,Other.Deputy Director,News Division,Ministry of Justice,AGY - MoJ HQ,DIR - Communications & Information Directorate,020 3334 3555,general.queries@justice.gsi.gov.uk,JPSCG16,0,1,N/A,N/A,Communications,,1
JAOPG1,N/D,SCS1,Other.Deputy Director,Director's Office Analytical Services,Ministry of Justice,AGY - MoJ HQ,DIR - Analytical Services Group,020 3334 3555,general.queries@justice.gsi.gov.uk,JAOPG24,1909016,1,N/A,N/A,Operational Research,,1
PG2,N/D,SCS1,Human Resources.Deputy Director,HR Major Projects Admin,Ministry of Justice,AGY - MoJ HQ,DIR - MOJ HR,020 3334 3555,general.queries@justice.gsi.gov.uk,PG3,365863,1,N/A,N/A,Human Resources,,1
CFOG1,N/D,SCS1,Policy Delivery.Deputy Director,Director's Office Group Finance,Ministry of Justice,AGY - MoJ HQ,DIR - Group Finance,020 3334 3555,general.queries@justice.gsi.gov.uk,CFOG14,0,1,N/A,N/A,Finance,,1
PG3,N/D,SCS1,Human Resources.Director,HR Major Projects Admin,Ministry of Justice,AGY - MoJ HQ,DIR - MOJ HR,020 3334 3555,general.queries@justice.gsi.gov.uk,PG11,4531833,1,N/A,N/A,Human Resources,,1
JAOPG2,N/D,SCS1,Policy Delivery.Deputy Director,SENTENCING POICY,Ministry of Justice,AGY - MoJ HQ,DIR - Offender Policy,020 3334 3555,general.queries@justice.gsi.gov.uk,JAOPG23,993895,1,N/A,N/A,Policy,,1
JPSCG5,Emily Tofield,SCS2,Communications and Marketing.Director,Corporate Communications,Ministry of Justice,AGY - MoJ HQ,DIR - Communications & Information Directorate,020 3334 3555,general.queries@justice.gsi.gov.uk,JPSCG1,1167996,1,110000,114999,Communications,,1
JAOPG3,N/D,SCS1,Operation Delivery.Case Progression Officer,Prisons & Probation Ombudsman Admin,Ministry of Justice,AGY - MoJ HQ,DIR - Prisons & Probation Ombudsman (ALB),020 3334 3555,general.queries@justice.gsi.gov.uk,XX,1702739,0.4,N/A,N/A,Operational Delivery,,1
JPSCG6,Paul Candler,SCS2,Policy Delivery.Director,Europe,Ministry of Justice,AGY - MoJ HQ,"DIR - DG Justice Policy, Strategy & Communications",020 3334 3555,general.queries@justice.gsi.gov.uk,JPSCG1,2966311,1,90000,94999,Policy,,1
CFOG2,N/D,SCS1,Programme and Project Management.Deputy Director,Change,Ministry of Justice,AGY - MoJ HQ,DIR - Change (Finance Group),020 3334 3555,general.queries@justice.gsi.gov.uk,CFOG27,5357986,1,N/A,N/A,Project Delivery,,1
JAOPG4,N/D,SCS1,Policy Delivery.Deputy Director,Youth Justice Policy Admin,Ministry of Justice,AGY - MoJ HQ,DIR - Youth Justice,020 3334 3555,general.queries@justice.gsi.gov.uk,JPSCG36,660419,0.8,N/A,N/A,Policy,,1
JPSCG7,N/D,SCS1,Communications and Marketing.Deputy Director,Corporate Communications,Ministry of Justice,AGY - MoJ HQ,DIR - Communications & Information Directorate,020 3334 3555,general.queries@justice.gsi.gov.uk,JPSCG16,1022053,1,N/A,N/A,Communications,,1
HMCTS5,N/D,SCS1,Other.Deputy Director,KAM Finance & Commercial,Ministry of Justice,AGY - HMCTS,HQ Civil Family and Tribunals,020 3334 3555,general.queries@justice.gsi.gov.uk,HMCTS70,1139028,1,N/A,N/A,Operational Delivery,,1
HMCTS6,N/D,SCS1,Operation Delivery.Head of Section,South East RSU,Ministry of Justice,AGY - HMCTS,CT SE Regional Office,020 3334 3555,general.queries@justice.gsi.gov.uk,HMCTS43,186654,1,N/A,N/A,Operational Delivery,,1
JPSCG8,N/D,SCS1,Operation Delivery.Deputy Director,Judicial Office - Programme,Ministry of Justice,AGY - MoJ HQ,DIR - Judicial Offices,020 3334 3555,general.queries@justice.gsi.gov.uk,JPSCG32,329650,1,N/A,N/A,Operational Delivery,,1
HMCTS7,N/D,SCS1,Human Resources.Deputy Director,HMCTS L&D Business Skills Delivery,Ministry of Justice,AGY - HMCTS,HQ Human Resources,020 3334 3555,general.queries@justice.gsi.gov.uk,HMCTS66,680157,1,N/A,N/A,Human Resources,,1
JAOPG5,N/D,SCS1,Economics.Deputy Director,PRISON REFORM PMO,Ministry of Justice,AGY - MoJ HQ,DIR - Prison Reform Programme,020 3334 3555,general.queries@justice.gsi.gov.uk,JPSCG1,243485,1,N/A,N/A,NA,,1
CFOG3,N/D,SCS1,Finance.Deputy Director,"Commercial, Policy and Capital Finance",Ministry of Justice,AGY - MoJ HQ,DIR - Group Finance,020 3334 3555,general.queries@justice.gsi.gov.uk,CFOG14,785028,1,N/A,N/A,Finance,,1
CFOG4,N/D,SCS1,Finance.Deputy Director,"Commercial, Policy and Capital Finance",Ministry of Justice,AGY - MoJ HQ,DIR - Group Finance,020 3334 3555,general.queries@justice.gsi.gov.uk,CFOG38,292639,1,N/A,N/A,Finance,,1
HMCTS8,N/D,SCS1,Other.Deputy Director,Common Platform,Ministry of Justice,AGY - HMCTS,Criminal Justice,020 3334 3555,general.queries@justice.gsi.gov.uk,HMCTS14,70030,1,N/A,N/A,Project Delivery,,1
CFOG5,N/D,SCS1,Finance.Deputy Director,DG Office CFOG,Ministry of Justice,AGY - MoJ HQ,DIR - Group Finance,020 3334 3555,general.queries@justice.gsi.gov.uk,CFOG39,115688,1,N/A,N/A,Finance,,1
CFOG6,N/D,SCS1,Finance.Deputy Director,Financial Management,Ministry of Justice,AGY - MoJ HQ,DIR - Ops Finance,020 3334 3555,general.queries@justice.gsi.gov.uk,CFOG38,2287031,1,N/A,N/A,Finance,,1
LAA1,N/D,SCS1,Other.Deputy Director,Agency Transformation Programme,Ministry of Justice,AGY - Legal Aid Agency,Legal Aid Agency Programme,020 3334 3555,general.queries@justice.gsi.gov.uk,LAA8,57855,0.6,N/A,N/A,Project Delivery,,1
HMCTS9,Jonathan Wood,SCS2,Other.Director,Transformation Directors,Ministry of Justice,AGY - HMCTS,Reform,020 3334 3555,general.queries@justice.gsi.gov.uk,HMCTS75,49888412,1,90000,94999,Project Delivery,,1
HMCTS10,N/D,SCS1,Information Technology.Head of Operations,Digital Directorate Admin Staff,Ministry of Justice,AGY - HMCTS,HQ ICT,020 3334 3555,general.queries@justice.gsi.gov.uk,HMCTS73,644355,1,N/A,N/A,"Digital, Technology and Data",,1
PG4,N/D,SCS1,Other.Deputy Director,HR Business Partners,Ministry of Justice,AGY - MoJ HQ,DIR - MOJ HR,020 3334 3555,general.queries@justice.gsi.gov.uk,PG3,301857,1,N/A,N/A,Human Resources,,1
CFOG7,N/D,SCS1,Policy Delivery.Deputy Director,Change,Ministry of Justice,AGY - MoJ HQ,DIR - Change (Finance Group),020 3334 3555,general.queries@justice.gsi.gov.uk,CFOG27,494109,1,N/A,N/A,Policy,,1
CFOG8,Thomas Read,SCS2,Other.Director,CTO - Admin,Ministry of Justice,AGY - MoJ HQ,DIR - Digital and Technology,020 3334 3555,general.queries@justice.gsi.gov.uk,CFOG39,16501319,1,135000,139999,"Digital, Technology and Data",,1
JAOPG6,N/D,SCS1,Policy Delivery.Deputy Director,Prison Policy Admin,Ministry of Justice,AGY - MoJ HQ,DIR - Prison Reform Policy,020 3334 3555,general.queries@justice.gsi.gov.uk,JAOPG30,0,0.9,N/A,N/A,Policy,,1
PG5,N/D,SCS1,Other.Deputy Director,MoJ Transformation Programme,Ministry of Justice,AGY - MoJ HQ,DIR - MOJ Transformation Programme,020 3334 3555,general.queries@justice.gsi.gov.uk,JAOPG33,0,1,N/A,N/A,Policy,,1
HMCTS11,N/D,SCS1,Other.Deputy Director,Op Assurance & Compliance,Ministry of Justice,AGY - HMCTS,"HQ Finance, Governance and Performance",020 3334 3555,general.queries@justice.gsi.gov.uk,HMCTS59,889478,1,N/A,N/A,Finance,,1
HMCTS12,N/D,SCS1,Other.Deputy Director,Reform - Director's Office,Ministry of Justice,AGY - HMCTS,Reform,020 3334 3555,general.queries@justice.gsi.gov.uk,HMCTS16,0,1,N/A,N/A,Project Delivery,,1
JAOPG7,N/D,SCS1,Policy Delivery.Deputy Director,Prison Policy Admin,Ministry of Justice,AGY - MoJ HQ,DIR - Prison Reform Policy,020 3334 3555,general.queries@justice.gsi.gov.uk,JAOPG30,686247,1,N/A,N/A,Policy,,1
JPSCG9,N/D,SCS1,Other.Deputy Director,Ministers' Private Offices,Ministry of Justice,AGY - MoJ HQ,DIR - MPSI,020 3334 3555,general.queries@justice.gsi.gov.uk,JPSCG3,654127,1,N/A,N/A,Policy,,1
JPSCG10,N/D,SCS1,Policy Delivery.Deputy Director,Judicial Office - Admin,Ministry of Justice,AGY - MoJ HQ,DIR - Judicial Offices,020 3334 3555,general.queries@justice.gsi.gov.uk,JPSCG32,1991564,1,N/A,N/A,Policy,,1
JAOPG8,N/D,SCS1,Statistics.Deputy Director,Director's Office Analytical Services,Ministry of Justice,AGY - MoJ HQ,DIR - Analytical Services Group,020 3334 3555,general.queries@justice.gsi.gov.uk,JAOPG24,3530458,1,N/A,N/A,Statistics,,1
JAOPG9,N/D,SCS1,Policy Delivery.Deputy Director,COMMUNITY INTERVENTIONS,Ministry of Justice,AGY - MoJ HQ,DIR - Offender Policy,020 3334 3555,general.queries@justice.gsi.gov.uk,JAOPG23,445701,0.71944,N/A,N/A,Policy,,1
JPSCG11,N/D,SCS1,Operation Delivery.Senior Manager,DG Justice Policy Strategy & Communications Admin,Ministry of Justice,AGY - MoJ HQ,"DIR - DG Justice Policy, Strategy & Communications",020 3334 3555,general.queries@justice.gsi.gov.uk,JPSCG3,444448,1,N/A,N/A,Policy,,1
CFOG9,N/D,SCS1,Information Technology.Deputy Director,Strategy & Architecture,Ministry of Justice,AGY - MoJ HQ,DIR - Digital and Technology,020 3334 3555,general.queries@justice.gsi.gov.uk,CFOG8,2723204,1,N/A,N/A,"Digital, Technology and Data",,1
PG6,N/D,SCS1,Operation Delivery.Deputy Director,Engagement and Performance Team,Ministry of Justice,AGY - MoJ HQ,DIR - DG Operations,020 3334 3555,general.queries@justice.gsi.gov.uk,JPSCG3,634005,1,N/A,N/A,Operational Delivery,,1
JAOPG10,N/D,SCS1,Operation Delivery.Deputy Director,PRISON REFORM PMO,Ministry of Justice,AGY - MoJ HQ,DIR - Prison Reform Programme,020 3334 3555,general.queries@justice.gsi.gov.uk,JAOPG26,141525,1,N/A,N/A,Operational Delivery,,1
JPSCG12,Melissa Case,SCS2,Other.Director,Criminal Justice Admin2,Ministry of Justice,AGY - MoJ HQ,"DIR - DG Justice Policy, Strategy & Communications",020 3334 3555,general.queries@justice.gsi.gov.uk,JPSCG1,1290174,0.6,90000,94999,Policy,,1
JAOPG11,N/D,SCS1,Economics.Deputy Director,Director's Office Analytical Services,Ministry of Justice,AGY - MoJ HQ,DIR - Analytical Services Group,020 3334 3555,general.queries@justice.gsi.gov.uk,JAOPG24,2369385,1,N/A,N/A,Economics,,1
JPSCG13,N/D,SCS1,Policy Delivery.Deputy Director,Europe,Ministry of Justice,AGY - MoJ HQ,"DIR - DG Justice Policy, Strategy & Communications",020 3334 3555,general.queries@justice.gsi.gov.uk,JPSCG6,676314,0.94444,N/A,N/A,Policy,,1
JPSCG14,N/D,SCS1,Other.Deputy Director,Parliamentary Branch Unit,Ministry of Justice,AGY - MoJ HQ,DIR - MPSI,020 3334 3555,general.queries@justice.gsi.gov.uk,JPSCG22,496765,1,N/A,N/A,Policy,,1
JPSCG15,N/D,SCS1,Policy Delivery.Deputy Director,Europe,Ministry of Justice,AGY - MoJ HQ,"DIR - DG Justice Policy, Strategy & Communications",020 3334 3555,general.queries@justice.gsi.gov.uk,JPSCG6,1059075,1,N/A,N/A,Policy,,1
JAOPG12,N/D,SCS1,Administration - General.,COMMUNITY INTERVENTIONS,Ministry of Justice,AGY - MoJ HQ,DIR - Offender Policy,020 3334 3555,general.queries@justice.gsi.gov.uk,JAOPG23,434378,0.61667,N/A,N/A,Policy,,1
JAOPG13,N/D,SCS1,Social and Market Research.Senior Manager,Director's Office Analytical Services,Ministry of Justice,AGY - MoJ HQ,DIR - Analytical Services Group,020 3334 3555,general.queries@justice.gsi.gov.uk,JAOPG24,1290670,0.9,N/A,N/A,Social Research,,1
JAOPG14,N/D,SCS1,Other.Deputy Director,Youth Justice Policy Admin,Ministry of Justice,AGY - MoJ HQ,DIR - Youth Justice,020 3334 3555,general.queries@justice.gsi.gov.uk,JPSCG36,82455,0.61111,N/A,N/A,Policy,,1
CFOG10,N/D,SCS1,Finance.Deputy Director,Financial Reporting & Control,Ministry of Justice,AGY - MoJ HQ,DIR - Group Finance,020 3334 3555,general.queries@justice.gsi.gov.uk,CFOG15,3276311,1,N/A,N/A,Finance,,1
LAA2,N/D,SCS1,Planning.Deputy Director,Planning & Performance,Ministry of Justice,AGY - Legal Aid Agency,LAA Corporate Centre,020 3334 3555,general.queries@justice.gsi.gov.uk,LAA8,0,1,N/A,N/A,NA,,1
CFOG11,N/D,SCS1,Other.Deputy Director,MoJ PD Capability,Ministry of Justice,AGY - MoJ HQ,DIR - Estates (CSG),020 3334 3555,general.queries@justice.gsi.gov.uk,CFOG31,1826914,1,N/A,N/A,Property,,1
JAOPG15,N/D,SCS1,Operation Delivery.Deputy Director,COMMISSIONING YOUTH ESTATE,Ministry of Justice,AGY - MoJ HQ,DIR - Commissioning,020 3334 3555,general.queries@justice.gsi.gov.uk,JPSCG1,1075345,1,N/A,N/A,Operational Delivery,,1
LAA3,N/D,SCS1,Other.Deputy Director,Service Development,Ministry of Justice,AGY - Legal Aid Agency,Legal Aid Service Development and Central Commissioning,020 3334 3555,general.queries@justice.gsi.gov.uk,LAA8,0,0.61667,N/A,N/A,Policy,,1
HMCTS13,Richard Goodman,SCS2,Programme and Project Management.Director,Reform - Director's Office,Ministry of Justice,AGY - HMCTS,Reform,020 3334 3555,general.queries@justice.gsi.gov.uk,HMCTS16,7922461,1,100000,104999,Project Delivery,,1
CFOG12,N/D,SCS1,Economics.Deputy Director,Cyber Security & Information Assurance,Ministry of Justice,AGY - MoJ HQ,DIR - Digital and Technology,020 3334 3555,general.queries@justice.gsi.gov.uk,CFOG39,754093,1,N/A,N/A,"Digital, Technology and Data",,1
HMCTS14,Gemma Hewison,SCS2,Operation Delivery.Director,Common Platform,Ministry of Justice,AGY - HMCTS,Criminal Justice,020 3334 3555,general.queries@justice.gsi.gov.uk,HMCTS13,1429628,1,100000,104999,Project Delivery,,1
JPSCG16,Judith Porter,SCS2,Communications and Marketing.Communications,Disclosure,Ministry of Justice,AGY - MoJ HQ,DIR - Communications & Information Directorate,020 3334 3555,general.queries@justice.gsi.gov.uk,XX,6755385,0.77838,85000,89999,Knowledge and Information Management,,1
LAA4,N/D,SCS1,Other.Deputy Director,Service Development,Ministry of Justice,AGY - Legal Aid Agency,Legal Aid Service Development and Central Commissioning,020 3334 3555,general.queries@justice.gsi.gov.uk,LAA8,0,0.61667,N/A,N/A,Policy,,1
JPSCG17,N/D,SCS1,Policy Delivery.Deputy Director,Law Commission,Ministry of Justice,AGY - MoJ HQ,DIR - The Law Commission,020 3334 3555,general.queries@justice.gsi.gov.uk,JPSCG36,2634662,1,N/A,N/A,Legal,,1
HMCTS15,N/D,SCS1,Other.Deputy Director,Business Strategy Team,Ministry of Justice,AGY - HMCTS,HQ Civil Family and Tribunals,020 3334 3555,general.queries@justice.gsi.gov.uk,HMCTS70,412550,1,N/A,N/A,Operational Delivery,,1
CFOG13,N/D,SCS1,Administration - General.,Director of Finance Office,Ministry of Justice,AGY - MoJ HQ,DIR - HMPPS Finance,020 3334 3555,general.queries@justice.gsi.gov.uk,CFOG39,0,0.9,N/A,N/A,Finance,,1
CFOG14,James McEwen,SCS2,Finance.Director,Director's Office Group Finance,Ministry of Justice,AGY - MoJ HQ,DIR - Group Finance,020 3334 3555,general.queries@justice.gsi.gov.uk,CFOG39,15999350,1,110000,114999,Finance,,1
HMCTS16,Susan Acland-Hood Andrews,SCS3,Other.Director General,CEO's Office,Ministry of Justice,AGY - HMCTS,HQ CEO,020 3334 3555,general.queries@justice.gsi.gov.uk,JPSCG29,382605927,1,130000,134999,Planning,,1
JAOPG16,N/D,SCS1,Other.Deputy Director,Prison Policy Admin,Ministry of Justice,AGY - MoJ HQ,DIR - Prison Reform Policy,020 3334 3555,general.queries@justice.gsi.gov.uk,JAOPG30,1042577,1,N/A,N/A,Policy,,1
HMCTS17,N/D,SCS1,Property Asset Management.Deputy Director,HQ-Property Directorate,Ministry of Justice,AGY - HMCTS,HQ Estates,020 3334 3555,general.queries@justice.gsi.gov.uk,HMCTS67,2182066,1,N/A,N/A,Property,,1
JAOPG17,N/D,SCS1,Policy Delivery.Deputy Director,Offender and Probation Policy Admin,Ministry of Justice,AGY - MoJ HQ,DIR - Offender Policy,020 3334 3555,general.queries@justice.gsi.gov.uk,JAOPG19,558861,1,N/A,N/A,Policy,,1
JPSCG18,N/D,SCS1,Other.Deputy Director,Strategic Comms & Campaigns,Ministry of Justice,AGY - MoJ HQ,DIR - Communications & Information Directorate,020 3334 3555,general.queries@justice.gsi.gov.uk,JPSCG16,811758,1,N/A,N/A,Communications,,1
LAA5,N/D,SCS1,Other.Deputy Director,Service Development,Ministry of Justice,AGY - Legal Aid Agency,Legal Aid Service Development and Central Commissioning,020 3334 3555,general.queries@justice.gsi.gov.uk,LAA8,1372793,0.625,N/A,N/A,Policy,,1
CFOG15,Caroline Patterson,SCS2,Finance.Director,Financial Reporting & Control,Ministry of Justice,AGY - MoJ HQ,DIR - Group Finance,020 3334 3555,general.queries@justice.gsi.gov.uk,CFOG14,7603078,1,90000,94999,Finance,,1
CFOG16,N/D,SCS1,Other.Deputy Director,Digital Services,Ministry of Justice,AGY - MoJ HQ,DIR - Digital and Technology,020 3334 3555,general.queries@justice.gsi.gov.uk,CFOG8,1911935,1,N/A,N/A,"Digital, Technology and Data",,1
LAA6,N/D,SCS1,Finance.Deputy Director,Operational Assurance,Ministry of Justice,AGY - Legal Aid Agency,LAA Assurance,020 3334 3555,general.queries@justice.gsi.gov.uk,LAA8,2481627,1,N/A,N/A,Finance,,1
JPSCG19,N/D,SCS1,Policy Delivery.Deputy Director,DG Justice Policy Strategy & Communications Admin,Ministry of Justice,AGY - MoJ HQ,"DIR - DG Justice Policy, Strategy & Communications",020 3334 3555,general.queries@justice.gsi.gov.uk,JPSCG33,364585,0.8,N/A,N/A,Policy,,1
JAOPG18,N/D,SCS1,Other.Change Management,Data-Driven Department and Culture Change,Ministry of Justice,AGY - MoJ HQ,DIR - Analytical Services Group,020 3334 3555,general.queries@justice.gsi.gov.uk,JAOPG24,153389,1,N/A,N/A,NA,,1
HMCTS18,N/D,SCS1,Operation Delivery.Deputy Director,Crime - Director's Office,Ministry of Justice,AGY - HMCTS,Head of Operations,020 3334 3555,general.queries@justice.gsi.gov.uk,HMCTS75,484576,1,N/A,N/A,Operational Delivery,,1
JPSCG20,N/D,SCS1,Operation Delivery.Deputy Director,Judicial Office - Programme,Ministry of Justice,AGY - MoJ HQ,DIR - Judicial Offices,020 3334 3555,general.queries@justice.gsi.gov.uk,JPSCG32,701200,0.68333,N/A,N/A,Operational Delivery,,1
CFOG17,N/D,SCS1,Other.Senior Manager,Estates Strategy and Programme Development,Ministry of Justice,AGY - MoJ HQ,DIR - Estates (CSG),020 3334 3555,general.queries@justice.gsi.gov.uk,CFOG31,1229281,1,N/A,N/A,Property,,1
JAOPG19,James Barton,SCS2,Policy Delivery.Director,Probation Programme - Delivery,Ministry of Justice,AGY - MoJ HQ,DIR - Offender Policy,020 3334 3555,general.queries@justice.gsi.gov.uk,JPSCG1,849670,1,85000,89999,Policy,,1
JPSCG21,N/D,SCS1,Policy Delivery.Deputy Director,Europe,Ministry of Justice,AGY - MoJ HQ,"DIR - DG Justice Policy, Strategy & Communications",020 3334 3555,general.queries@justice.gsi.gov.uk,JPSCG33,869510,1,N/A,N/A,Policy,,1
HMCTS19,N/D,SCS1,Other.Deputy Director,Crime - Director's Office,Ministry of Justice,AGY - HMCTS,Head of Operations,020 3334 3555,general.queries@justice.gsi.gov.uk,HMCTS70,1221998,1,N/A,N/A,Operational Delivery,,1
JPSCG22,Jerome Glass,SCS2,Other.Director,Strategy,Ministry of Justice,AGY - MoJ HQ,DIR - MPSI,020 3334 3555,general.queries@justice.gsi.gov.uk,JPSCG1,2096820,1,95000,99999,Policy,,1
HMCTS20,N/D,SCS1,Other.Deputy Director,User Experience,Ministry of Justice,AGY - HMCTS,Reform,020 3334 3555,general.queries@justice.gsi.gov.uk,HMCTS1,895416,1,N/A,N/A,"Digital, Technology and Data",,1
CFOG18,Jeewan Gill,SCS2,Other.Director,Office of CTO,Ministry of Justice,AGY - MoJ HQ,DIR - Digital and Technology,020 3334 3555,general.queries@justice.gsi.gov.uk,CFOG8,920385,1,130000,134999,"Digital, Technology and Data",,1
HMCTS21,N/D,SCS1,Economics.Deputy Director,Performance Measurement & OPT Development Manager,Ministry of Justice,AGY - HMCTS,"HQ Finance, Governance and Performance",020 3334 3555,general.queries@justice.gsi.gov.uk,HMCTS59,1970813,1,N/A,N/A,Finance,,1
HMCTS22,N/D,SCS1,Other.Deputy Director,Civil Team,Ministry of Justice,AGY - HMCTS,HQ Civil Family and Tribunals,020 3334 3555,general.queries@justice.gsi.gov.uk,HMCTS70,479015,1,N/A,N/A,Operational Delivery,,1
HMCTS23,N/D,SCS1,Operation Delivery.Head of Section,Portfolio Office (Non-Reform),Ministry of Justice,AGY - HMCTS,BAU Funded Change,020 3334 3555,general.queries@justice.gsi.gov.uk,HMCTS13,277086,1,N/A,N/A,Operational Delivery,,1
CFOG19,N/D,SCS1,Administration - General.,Cyber Security & Information Assurance,Ministry of Justice,AGY - MoJ HQ,DIR - Digital and Technology,020 3334 3555,general.queries@justice.gsi.gov.uk,CFOG39,73562,1,N/A,N/A,"Digital, Technology and Data",,1
JPSCG23,N/D,SCS1,Policy Delivery.Deputy Director,DG Justice Policy Strategy & Communications Admin,Ministry of Justice,AGY - MoJ HQ,"DIR - DG Justice Policy, Strategy & Communications",020 3334 3555,general.queries@justice.gsi.gov.uk,JPSCG12,1217396,1,N/A,N/A,Policy,,1
JPSCG24,N/D,SCS1,Other.Director,Strategy,Ministry of Justice,AGY - MoJ HQ,DIR - MPSI,020 3334 3555,general.queries@justice.gsi.gov.uk,JPSCG22,1153971,1,N/A,N/A,Policy,,1
JPSCG25,N/D,SCS1,Law.Deputy Director,Criminal Justice Admin2,Ministry of Justice,AGY - MoJ HQ,"DIR - DG Justice Policy, Strategy & Communications",020 3334 3555,general.queries@justice.gsi.gov.uk,JPSCG36,912203,1,N/A,N/A,Policy,,1
JPSCG26,N/D,SCS1,Communications and Marketing.Deputy Director,News Division,Ministry of Justice,AGY - MoJ HQ,DIR - Communications & Information Directorate,020 3334 3555,general.queries@justice.gsi.gov.uk,JPSCG5,1092996,1,N/A,N/A,Communications,,1
OPG1,N/D,SCS1,Other.Deputy Director,Legal Team,Ministry of Justice,AGY - Office of the Public Guardian,Legal,020 3334 3555,general.queries@justice.gsi.gov.uk,OPG4,1774837,1,N/A,N/A,NA,,1
HMCTS24,N/D,SCS1,Other.Deputy Director,HMCTS Communications,Ministry of Justice,AGY - HMCTS,HQ HMCTS Communications,020 3334 3555,general.queries@justice.gsi.gov.uk,HMCTS44,797305,1,N/A,N/A,Communications,,1
HMCTS25,N/D,SCS1,Other.Deputy Director,Cross-Jurisdictional Reform,Ministry of Justice,AGY - HMCTS,Reform,020 3334 3555,general.queries@justice.gsi.gov.uk,HMCTS70,744674,1,N/A,N/A,Project Delivery,,1
CICA1,Linda Brown,SCS2,Other.Director,CICA (Prog),Ministry of Justice,AGY - CICA,DIR - CICA,020 3334 3555,general.queries@justice.gsi.gov.uk,CFOG39,6387936,1,90000,94999,Operational Delivery,,1
HMCTS26,N/D,SCS1,Operation Delivery.Deputy Director,Regional Directors Office - Wales Region,Ministry of Justice,AGY - HMCTS,CT Wales Regional Office,020 3334 3555,general.queries@justice.gsi.gov.uk,HMCTS43,17037459,1,N/A,N/A,Operational Delivery,,1
HMCTS27,N/D,SCS1,Human Resources.Deputy Director,HMCTS HQ HRBP team,Ministry of Justice,AGY - HMCTS,HQ Human Resources,020 3334 3555,general.queries@justice.gsi.gov.uk,HMCTS3,1005868,1,N/A,N/A,Human Resources,,1
OPG2,N/D,SCS1,Operation Delivery.Deputy Director,Executive Support,Ministry of Justice,AGY - Office of the Public Guardian,Strategy & Corporate Services,020 3334 3555,general.queries@justice.gsi.gov.uk,OPG4,3716933,1,N/A,N/A,Operational Delivery,,1
HMCTS28,N/D,SCS1,Administration - General.,South West RSU,Ministry of Justice,AGY - HMCTS,CT SW Regional Office,020 3334 3555,general.queries@justice.gsi.gov.uk,HMCTS43,289809,1,N/A,N/A,Operational Delivery,,1
PG7,N/D,SCS1,Operation Delivery.Deputy Director,Equality & Diversity,Ministry of Justice,AGY - MoJ HQ,DIR - MOJ HR,020 3334 3555,general.queries@justice.gsi.gov.uk,PG11,591625,1,N/A,N/A,Human Resources,,1
JPSCG27,N/D,SCS1,Policy Delivery.Deputy Director,DG Justice Policy Strategy & Communications Admin,Ministry of Justice,AGY - MoJ HQ,"DIR - DG Justice Policy, Strategy & Communications",020 3334 3555,general.queries@justice.gsi.gov.uk,JPSCG19,0,1,N/A,N/A,Policy,,1
HMCTS29,N/D,SCS1,Programme and Project Management.Deputy Director,PaCT - PMO,Ministry of Justice,AGY - HMCTS,Reform,020 3334 3555,general.queries@justice.gsi.gov.uk,HMCTS66,1156974,1,N/A,N/A,Project Delivery,,1
JAOPG20,N/D,SCS1,Other.Deputy Director,HMI Prisons Programme,Ministry of Justice,AGY - MoJ HQ,DIR - HMI Prisons,020 3334 3555,general.queries@justice.gsi.gov.uk,PG8,1431399,1,N/A,N/A,NA,,1
HMCTS30,N/D,SCS1,Finance.Senior Manager,Medium Term Fin Planning,Ministry of Justice,AGY - HMCTS,"HQ Finance, Governance and Performance",020 3334 3555,general.queries@justice.gsi.gov.uk,HMCTS59,1033688,1,N/A,N/A,Finance,,1
JPSCG28,N/D,SCS1,Policy Delivery.Deputy Director,DG Justice Policy Strategy & Communications Admin,Ministry of Justice,AGY - MoJ HQ,"DIR - DG Justice Policy, Strategy & Communications",020 3334 3555,general.queries@justice.gsi.gov.uk,JPSCG3,960657,1,N/A,N/A,Policy,,1
CFOG20,N/D,SCS1,Finance.Senior Manager,"Commercial, Policy and Capital Finance",Ministry of Justice,AGY - MoJ HQ,DIR - Group Finance,020 3334 3555,general.queries@justice.gsi.gov.uk,CFOG42,0,1,N/A,N/A,Finance,,1
HMCTS31,N/D,SCS1,Operation Delivery.Director,London RSU 2,Ministry of Justice,AGY - HMCTS,CT London Regional Office,020 3334 3555,general.queries@justice.gsi.gov.uk,HMCTS43,60716780,1,N/A,N/A,Operational Delivery,,1
HMCTS32,N/D,SCS1,Operation Delivery.Deputy Director,Regional Directors Office - Midlands,Ministry of Justice,AGY - HMCTS,CT Midlands Regional Office,020 3334 3555,general.queries@justice.gsi.gov.uk,HMCTS43,309252,1,N/A,N/A,Operational Delivery,,1
HMCTS33,N/D,SCS1,Operation Delivery.Deputy Director,Crime - Director's Office,Ministry of Justice,AGY - HMCTS,Head of Operations,020 3334 3555,general.queries@justice.gsi.gov.uk,HMCTS75,4835758,1,N/A,N/A,Operational Delivery,,1
JAOPG21,N/D,SCS1,Other.Deputy Director,Director's Office Analytical Services,Ministry of Justice,AGY - MoJ HQ,DIR - Analytical Services Group,020 3334 3555,general.queries@justice.gsi.gov.uk,JAOPG24,1399731,1,N/A,N/A,Operational Research,,1
CFOG21,N/D,SCS1,Finance.Senior Manager,"Commercial, Policy and Capital Finance",Ministry of Justice,AGY - MoJ HQ,DIR - Group Finance,020 3334 3555,general.queries@justice.gsi.gov.uk,CFOG14,4041633,1,N/A,N/A,Finance,,1
JAOPG22,Justin Russell,SCS3,Policy Delivery.Director General,DG Office PRYJP,Ministry of Justice,AGY - MoJ HQ,DIR - ORCG DG Office,020 3334 3555,general.queries@justice.gsi.gov.uk,JPSCG29,0,1,125000,129999,Policy,,1
HMCTS34,N/D,SCS1,Strategy.Deputy Director,Regional FBP Teams,Ministry of Justice,AGY - HMCTS,"HQ Finance, Governance and Performance",020 3334 3555,general.queries@justice.gsi.gov.uk,HMCTS59,3413011,1,N/A,N/A,Finance,,1
HMCTS35,N/D,SCS1,Law.Deputy Director,Crime Operations (Legal Aid),Ministry of Justice,AGY - HMCTS,HQ Civil Family and Tribunals,020 3334 3555,general.queries@justice.gsi.gov.uk,HMCTS70,224611,1,N/A,N/A,Operational Delivery,,1
JPSCG29,Richard Heaton,SCS3,Policy Delivery.Permanent Secretary,Permanent Secretary's Office,Ministry of Justice,AGY - MoJ HQ,DIR - MPSI,020 3334 3555,general.queries@justice.gsi.gov.uk,XX,602665829,1,185000,189999,Policy,,1
HMCTS36,N/D,SCS1,Operation Delivery.Deputy Director,South West RSU,Ministry of Justice,AGY - HMCTS,CT SW Regional Office,020 3334 3555,general.queries@justice.gsi.gov.uk,HMCTS43,26211598,1,N/A,N/A,Operational Delivery,,1
HMCTS37,N/D,SCS1,Programme and Project Management.Deputy Director,Infrastructure & Enabling PMO,Ministry of Justice,AGY - HMCTS,Reform,020 3334 3555,general.queries@justice.gsi.gov.uk,HMCTS13,279716,1,N/A,N/A,Project Delivery,,1
JAOPG23,Philip Douglas,SCS2,Policy Delivery.Director,Offender and Probation Policy Admin,Ministry of Justice,AGY - MoJ HQ,DIR - Offender Policy,020 3334 3555,general.queries@justice.gsi.gov.uk,JPSCG1,3612150,1,90000,94999,Policy,,1
CFOG22,Mark Ripley,SCS2,Finance.Governance,DG Office CFOG,Ministry of Justice,AGY - MoJ HQ,DIR - Group Finance,020 3334 3555,general.queries@justice.gsi.gov.uk,CFOG39,841875,1,95000,99999,Finance,,1
HMCTS38,N/D,SCS1,Other.Deputy Director,Courts and Tribunals Service Centre Project,Ministry of Justice,AGY - HMCTS,Reform,020 3334 3555,general.queries@justice.gsi.gov.uk,HMCTS13,472067,1,N/A,N/A,Project Delivery,,1
HMCTS39,N/D,SCS1,Programme and Project Management.Deputy Director,CFT Sub Office,Ministry of Justice,AGY - HMCTS,Reform,020 3334 3555,general.queries@justice.gsi.gov.uk,HMCTS13,1442877,1,N/A,N/A,Project Delivery,,1
HMCTS40,N/D,SCS1,Operation Delivery.Deputy Director,RCJ Secretariat,Ministry of Justice,AGY - HMCTS,RCJ,020 3334 3555,general.queries@justice.gsi.gov.uk,HMCTS43,23931156,1,N/A,N/A,Operational Delivery,,1
HMCTS41,N/D,SCS1,Other.Director,Digital Directorate Admin Staff,Ministry of Justice,AGY - HMCTS,HQ ICT,020 3334 3555,general.queries@justice.gsi.gov.uk,HMCTS73,251966,1,N/A,N/A,"Digital, Technology and Data",,1
OPG3,N/D,SCS1,Operation Delivery.Deputy Director,A/B Management Team,Ministry of Justice,AGY - Office of the Public Guardian,Operations,020 3334 3555,general.queries@justice.gsi.gov.uk,OPG4,23907954,1,N/A,N/A,Operational Delivery,,1
CFOG23,N/D,SCS1,Other.Deputy Director,ALB Centre of Excellence,Ministry of Justice,AGY - MoJ HQ,DIR - ALB Governance,020 3334 3555,general.queries@justice.gsi.gov.uk,CFOG22,764686,1,N/A,N/A,Operational Delivery,,1
LAA7,N/D,SCS1,Law.Deputy Director,Special Cases Unit SCU,Ministry of Justice,AGY - Legal Aid Agency,Case Management,020 3334 3555,general.queries@justice.gsi.gov.uk,LAA8,1748160,1,N/A,N/A,Operational Delivery,,1
HMCTS42,Faran Johnson,SCS2,Human Resources.Director,HMCTS HR Director's Office,Ministry of Justice,AGY - HMCTS,HQ Human Resources,020 3334 3555,general.queries@justice.gsi.gov.uk,HMCTS16,0,1,125000,129999,Human Resources,,1
JAOPG24,Adrian Richards,SCS2,Other.Director,Director's Office Analytical Services,Ministry of Justice,AGY - MoJ HQ,DIR - Analytical Services Group,020 3334 3555,general.queries@justice.gsi.gov.uk,JPSCG1,13999798,1,95000,99999,Economics,,1
LAA8,Shaun Mcnally,SCS2,Operation Delivery.Director,Executive Team,Ministry of Justice,AGY - Legal Aid Agency,LAA Corporate Centre,020 3334 3555,general.queries@justice.gsi.gov.uk,CFOG39,33635602,1,105000,109999,Operational Delivery,,1
HMCTS43,Paul Harris,SCS2,Operation Delivery.Director,Transformation Directors,Ministry of Justice,AGY - HMCTS,Reform,020 3334 3555,general.queries@justice.gsi.gov.uk,HMCTS75,284301806,1,90000,94999,Project Delivery,,1
HMCTS44,N/D,SCS1,Other.Head of Section,HMCTS Communications,Ministry of Justice,AGY - HMCTS,HQ HMCTS Communications,020 3334 3555,general.queries@justice.gsi.gov.uk,HMCTS16,877845,1,N/A,N/A,Communications,,1
HMCTS45,N/D,SCS1,Law.Deputy Director,Reform Finance,Ministry of Justice,AGY - HMCTS,Reform,020 3334 3555,general.queries@justice.gsi.gov.uk,HMCTS59,21933,1,N/A,N/A,Finance,,1
CFOG24,N/D,SCS1,Tax Professionals.Deputy Director,Financial Reporting & Control,Ministry of Justice,AGY - MoJ HQ,DIR - Group Finance,020 3334 3555,general.queries@justice.gsi.gov.uk,CFOG15,171307,1,N/A,N/A,Finance,,1
HMCTS46,N/D,SCS1,Other.Deputy Director,Legal Support/JCS Secretariat,Ministry of Justice,AGY - HMCTS,HQ Civil Family and Tribunals,020 3334 3555,general.queries@justice.gsi.gov.uk,HMCTS70,0,0.64865,N/A,N/A,Operational Delivery,,1
CFOG25,N/D,SCS1,Other.Deputy Director,CTO - Admin,Ministry of Justice,AGY - MoJ HQ,DIR - Digital and Technology,020 3334 3555,general.queries@justice.gsi.gov.uk,CFOG8,151340,1,N/A,N/A,"Digital, Technology and Data",,1
HMCTS47,N/D,SCS1,Strategy.Senior Manager,Common Platform,Ministry of Justice,AGY - HMCTS,Criminal Justice,020 3334 3555,general.queries@justice.gsi.gov.uk,HMCTS14,200629,1,N/A,N/A,Project Delivery,,1
HMCTS48,N/D,SCS1,Other.Deputy Director,Legal Support/JCS Secretariat,Ministry of Justice,AGY - HMCTS,HQ Civil Family and Tribunals,020 3334 3555,general.queries@justice.gsi.gov.uk,HMCTS70,483595,0.64865,N/A,N/A,Operational Delivery,,1
HMCTS49,N/D,SCS1,Finance.Deputy Director,Financial Accounts Team - HMCS HQ,Ministry of Justice,AGY - HMCTS,"HQ Finance, Governance and Performance",020 3334 3555,general.queries@justice.gsi.gov.uk,HMCTS59,1945429,1,N/A,N/A,Finance,,1
CFOG26,N/D,SCS1,Finance.Deputy Director,Change,Ministry of Justice,AGY - MoJ HQ,DIR - Change (Finance Group),020 3334 3555,general.queries@justice.gsi.gov.uk,CFOG27,354879,1,N/A,N/A,Finance,,1
JPSCG30,N/D,SCS1,Human Resources.Admin Officer,Judicial Office - Admin,Ministry of Justice,AGY - MoJ HQ,DIR - Judicial Offices,020 3334 3555,general.queries@justice.gsi.gov.uk,JPSCG32,1512714,1,N/A,N/A,Operational Delivery,,1
HMCTS50,N/D,SCS1,Information Technology.Deputy Director,Digital Directorate Admin Staff,Ministry of Justice,AGY - HMCTS,HQ ICT,020 3334 3555,general.queries@justice.gsi.gov.uk,HMCTS73,2359286,1,N/A,N/A,"Digital, Technology and Data",,1
HMCTS51,N/D,SCS1,Programme and Project Management.Deputy Director,"Courts, Tribunals and Regional Tier Project",Ministry of Justice,AGY - HMCTS,Reform,020 3334 3555,general.queries@justice.gsi.gov.uk,HMCTS13,277520,1,N/A,N/A,Project Delivery,,1
CFOG27,Stephen Vine,SCS2,Other.Finance,Change,Ministry of Justice,AGY - MoJ HQ,DIR - Change (Finance Group),020 3334 3555,general.queries@justice.gsi.gov.uk,CFOG39,6419054,1,105000,109999,Finance,,1
HMCTS52,N/D,SCS1,Operation Delivery.Deputy Director,HQ - Back Office,Ministry of Justice,AGY - HMCTS,Regional Support Unit,020 3334 3555,general.queries@justice.gsi.gov.uk,HMCTS9,27146571,1,N/A,N/A,Operational Delivery,,1
JPSCG31,N/D,SCS1,Knowledge and Information Management.Deputy Director,Disclosure,Ministry of Justice,AGY - MoJ HQ,DIR - Communications & Information Directorate,020 3334 3555,general.queries@justice.gsi.gov.uk,JPSCG16,1918155,1,N/A,N/A,Knowledge and Information Management,,1
HMCTS53,N/D,SCS1,Programme and Project Management.Director,Common Platform,Ministry of Justice,AGY - HMCTS,Criminal Justice,020 3334 3555,general.queries@justice.gsi.gov.uk,HMCTS73,0,1,N/A,N/A,Project Delivery,,1
HMCTS54,N/D,SCS1,Operation Delivery.Director,Regional Directors Office - Midlands,Ministry of Justice,AGY - HMCTS,CT Midlands Regional Office,020 3334 3555,general.queries@justice.gsi.gov.uk,HMCTS43,40310149,1,N/A,N/A,Operational Delivery,,1
HMCTS55,N/D,SCS1,Operation Delivery.Deputy Director,Customer Innovation and Change,Ministry of Justice,AGY - HMCTS,HQ Customer Services,020 3334 3555,general.queries@justice.gsi.gov.uk,HMCTS1,708687,1,N/A,N/A,Operational Delivery,,1
CFOG28,N/D,SCS1,Operation Delivery.Director,PROGRMME & PROJ DELIVERY-PROG,Ministry of Justice,AGY - MoJ HQ,DIR - Estates (CSG),020 3334 3555,general.queries@justice.gsi.gov.uk,CFOG31,203397,1,N/A,N/A,Property,,1
JAOPG25,N/D,SCS1,Policy Delivery.Deputy Director,Prison Policy Admin,Ministry of Justice,AGY - MoJ HQ,DIR - Prison Reform Policy,020 3334 3555,general.queries@justice.gsi.gov.uk,JAOPG30,201075,1,N/A,N/A,Policy,,1
JAOPG26,N/D,SCS1,Programme and Project Management.Senior Manager,PRISON REFORM PMO,Ministry of Justice,AGY - MoJ HQ,DIR - Prison Reform Programme,020 3334 3555,general.queries@justice.gsi.gov.uk,JPSCG1,244686,1,N/A,N/A,Project Delivery,,1
PG8,N/D,SCS1,Human Resources.Deputy Director,Finance Projects and Service Management,Ministry of Justice,AGY - MoJ HQ,DIR - MoJ Shared Services,020 3334 3555,general.queries@justice.gsi.gov.uk,PG3,1530220,1,N/A,N/A,NA,,1
JPSCG32,Andrew Key,SCS2,Operation Delivery.Senior Manager,Judicial Office - Admin,Ministry of Justice,AGY - MoJ HQ,DIR - Judicial Offices,020 3334 3555,general.queries@justice.gsi.gov.uk,JPSCG1,8008921,1,95000,99999,Operational Delivery,,1
JAOPG27,N/D,SCS1,Operation Delivery.Deputy Director,COMMISSIONING EDUCATON,Ministry of Justice,AGY - MoJ HQ,DIR - Commissioning,020 3334 3555,general.queries@justice.gsi.gov.uk,JPSCG1,0,0.33333,N/A,N/A,Operational Delivery,,1
CFOG29,N/D,SCS1,Administration - General.,Facilities Management - SES,Ministry of Justice,AGY - MoJ HQ,DIR - Estates (CSG),020 3334 3555,general.queries@justice.gsi.gov.uk,CFOG31,407833,1,N/A,N/A,Property,,1
HMCTS56,N/D,SCS1,Programme and Project Management.Admin Assistant,Common Platform,Ministry of Justice,AGY - HMCTS,Criminal Justice,020 3334 3555,general.queries@justice.gsi.gov.uk,HMCTS14,780588,1,N/A,N/A,Project Delivery,,1
JAOPG28,N/D,SCS1,Law.Deputy Director,Prison Policy Admin,Ministry of Justice,AGY - MoJ HQ,DIR - Prison Reform Policy,020 3334 3555,general.queries@justice.gsi.gov.uk,JAOPG30,521830,1,N/A,N/A,Policy,,1
JAOPG29,N/D,SCS1,Policy Delivery.Deputy Director,Sentencing Council,Ministry of Justice,AGY - MoJ HQ,DIR - Sentencing Council,020 3334 3555,general.queries@justice.gsi.gov.uk,JAOPG23,1364742,1,N/A,N/A,Policy,,1
CFOG30,N/D,SCS1,Other.Deputy Director,LAA - DigiTech - Run & Maintain (A),Ministry of Justice,AGY - MoJ HQ,DIR - Digital and Technology,020 3334 3555,general.queries@justice.gsi.gov.uk,CFOG8,3242939,1,N/A,N/A,"Digital, Technology and Data",,1
LAA9,N/D,SCS1,Other.Change Management,Civil Case Management - Newcastle,Ministry of Justice,AGY - Legal Aid Agency,Case Management,020 3334 3555,general.queries@justice.gsi.gov.uk,LAA8,18878827,1,N/A,N/A,Operational Delivery,,1
HMCTS57,N/D,SCS1,Operation Delivery.Deputy Director,Business Architecture,Ministry of Justice,AGY - HMCTS,Reform,020 3334 3555,general.queries@justice.gsi.gov.uk,HMCTS70,358703,1,N/A,N/A,Project Delivery,,1
HMCTS58,N/D,SCS1,Operation Delivery.Deputy Director,Courts & Tribunals Service Centres - Directors Office,Ministry of Justice,AGY - HMCTS,Courts & Tribunals Service Centres,020 3334 3555,general.queries@justice.gsi.gov.uk,HMCTS9,2776638,1,N/A,N/A,Operational Delivery,,1
JAOPG30,Clare Toogood,SCS2,Other.Director,Prison Policy Admin,Ministry of Justice,AGY - MoJ HQ,DIR - Prison Reform Policy,020 3334 3555,general.queries@justice.gsi.gov.uk,JPSCG1,5664111,0.90278,95000,99999,Policy,,1
JPSCG33,Annabel Burns,SCS2,Policy Delivery.Director,DG Justice Policy Strategy & Communications Admin,Ministry of Justice,AGY - MoJ HQ,"DIR - DG Justice Policy, Strategy & Communications",020 3334 3555,general.queries@justice.gsi.gov.uk,JPSCG1,2269735,0.9,90000,94999,Policy,,1
HMCTS59,Andrew Baigent,SCS2,Administration - General.,HMCTS Finance Director's Office,Ministry of Justice,AGY - HMCTS,"HQ Finance, Governance and Performance",020 3334 3555,general.queries@justice.gsi.gov.uk,HMCTS16,14066888,1,125000,129999,Finance,,1
HMCTS60,N/D,SCS1,Operation Delivery.Deputy Director,Civil Team,Ministry of Justice,AGY - HMCTS,HQ Civil Family and Tribunals,020 3334 3555,general.queries@justice.gsi.gov.uk,HMCTS70,600820,1,N/A,N/A,Operational Delivery,,1
HMCTS61,N/D,SCS1,Other.Head of Operations,London RSU 2,Ministry of Justice,AGY - HMCTS,CT London Regional Office,020 3334 3555,general.queries@justice.gsi.gov.uk,HMCTS43,70470,1,N/A,N/A,Operational Delivery,,1
JAOPG31,N/D,SCS1,Programme and Project Management.Deputy Director,Prison Policy Admin,Ministry of Justice,AGY - MoJ HQ,DIR - Prison Reform Policy,020 3334 3555,general.queries@justice.gsi.gov.uk,JPSCG1,0,0.9,N/A,N/A,Policy,,1
JPSCG34,N/D,SCS1,Administration - General.,NOMS Communications Group,Ministry of Justice,AGY - MoJ HQ,DIR - Communications & Information Directorate,020 3334 3555,general.queries@justice.gsi.gov.uk,JPSCG16,808975,1,N/A,N/A,Communications,,1
CFOG31,Andrew Mills,SCS2,Property Asset Management.Director,Performance and Account - SES,Ministry of Justice,AGY - MoJ HQ,DIR - Estates (CSG),020 3334 3555,general.queries@justice.gsi.gov.uk,CFOG39,8648103,1,145000,149999,Property,,1
JAOPG32,N/D,SCS1,Other.Deputy Director,HMI Probation Admin,Ministry of Justice,AGY - MoJ HQ,DIR - HMI Probation,020 3334 3555,general.queries@justice.gsi.gov.uk,JPSCG1,0,1,N/A,N/A,NA,,1
LAA10,N/D,SCS1,Finance.Deputy Director,Central Salaried Defenders Service,Ministry of Justice,AGY - Legal Aid Agency,LAA Public Defenders,020 3334 3555,general.queries@justice.gsi.gov.uk,LAA8,3252661,1,N/A,N/A,Legal,,1
CFOG32,Richard Matthews,SCS2,Information Technology.Director,Demand - HQ 2,Ministry of Justice,AGY - MoJ HQ,DIR - Digital and Technology,020 3334 3555,general.queries@justice.gsi.gov.uk,CFOG8,6078162,1,110000,114999,"Digital, Technology and Data",,1
HMCTS62,N/D,SCS1,Other.Deputy Director,North East RSU,Ministry of Justice,AGY - HMCTS,CT NE Regional Office,020 3334 3555,general.queries@justice.gsi.gov.uk,HMCTS43,525487,1,N/A,N/A,Operational Delivery,,1
CFOG33,N/D,SCS1,Finance.Deputy Director,FBP Commissioning and Commercial Admin,Ministry of Justice,AGY - MoJ HQ,DIR - HMPPS Finance,020 3334 3555,general.queries@justice.gsi.gov.uk,CFOG38,204066,1,N/A,N/A,Finance,,1
JAOPG33,Amy Rice,SCS2,Administration - General.,Director of Commissioning Office and Hub,Ministry of Justice,AGY - MoJ HQ,DIR - Prison Reform & Commissioning (HMPPS),020 3334 3555,general.queries@justice.gsi.gov.uk,PG11,134540,1,110000,114999,Policy,,1
JPSCG35,N/D,SCS1,Policy Delivery.Deputy Director,DG Justice Policy Strategy & Communications Admin,Ministry of Justice,AGY - MoJ HQ,"DIR - DG Justice Policy, Strategy & Communications",020 3334 3555,general.queries@justice.gsi.gov.uk,JPSCG33,814607,1,N/A,N/A,Policy,,1
JAOPG34,N/D,SCS1,Other.Deputy Director,COMMISSIONING PRISONS,Ministry of Justice,AGY - MoJ HQ,DIR - Commissioning,020 3334 3555,general.queries@justice.gsi.gov.uk,JPSCG36,257880,0.86111,N/A,N/A,NA,,1
HMCTS63,N/D,SCS1,Programme and Project Management.Deputy Director,Transforming Crim Enforcement,Ministry of Justice,AGY - HMCTS,Change Portfolio,020 3334 3555,general.queries@justice.gsi.gov.uk,HMCTS9,737149,1,N/A,N/A,Operational Delivery,,1
JAOPG35,N/D,SCS1,Other.Deputy Director,Data-Driven Department and Culture Change,Ministry of Justice,AGY - MoJ HQ,DIR - Analytical Services Group,020 3334 3555,general.queries@justice.gsi.gov.uk,JPSCG1,169543,0.75676,N/A,N/A,NA,,1
JPSCG36,Nicola Hewer,SCS2,Other.Director,Criminal Justice Admin2,Ministry of Justice,AGY - MoJ HQ,"DIR - DG Justice Policy, Strategy & Communications",020 3334 3555,general.queries@justice.gsi.gov.uk,JPSCG1,5923676,0.6,90000,94999,Policy,,1
JPSCG37,N/D,SCS1,Other.Deputy Director,Design102,Ministry of Justice,AGY - MoJ HQ,DIR - Communications & Information Directorate,020 3334 3555,general.queries@justice.gsi.gov.uk,JPSCG16,1689466,1,N/A,N/A,Communications,,1
CFOG34,N/D,SCS1,Other.Deputy Director,Performance and Account - SES,Ministry of Justice,AGY - MoJ HQ,DIR - Estates (CSG),020 3334 3555,general.queries@justice.gsi.gov.uk,CFOG31,0,1,N/A,N/A,Property,,1
JAOPG36,N/D,SCS1,Communications and Marketing.Deputy Director,FOREIGN NATIONAL OFFENDERS,Ministry of Justice,AGY - MoJ HQ,DIR - Prison Reform Policy,020 3334 3555,general.queries@justice.gsi.gov.uk,JAOPG19,0,0.6,N/A,N/A,Policy,,1
CFOG35,N/D,SCS1,Information Technology.Director,Project Delivery,Ministry of Justice,AGY - MoJ HQ,DIR - Digital and Technology,020 3334 3555,general.queries@justice.gsi.gov.uk,CFOG32,0,1,N/A,N/A,"Digital, Technology and Data",,1
JPSCG38,N/D,SCS1,Policy Delivery.Deputy Director,Criminal Justice Admin2,Ministry of Justice,AGY - MoJ HQ,"DIR - DG Justice Policy, Strategy & Communications",020 3334 3555,general.queries@justice.gsi.gov.uk,JPSCG36,939895,1,N/A,N/A,Policy,,1
HMCTS64,N/D,SCS1,Other.Deputy Director,Digital Directorate Admin Staff,Ministry of Justice,AGY - HMCTS,HQ ICT,020 3334 3555,general.queries@justice.gsi.gov.uk,HMCTS73,269495,1,N/A,N/A,"Digital, Technology and Data",,1
JPSCG39,N/D,SCS1,Operation Delivery.Deputy Director,Judicial Office - Programme,Ministry of Justice,AGY - MoJ HQ,DIR - Judicial Offices,020 3334 3555,general.queries@justice.gsi.gov.uk,JPSCG32,485050,0.6,N/A,N/A,Operational Delivery,,1
PG9,N/D,SCS1,Other.Deputy Director,HR Business Partners,Ministry of Justice,AGY - MoJ HQ,DIR - MOJ HR,020 3334 3555,general.queries@justice.gsi.gov.uk,PG3,532229,1,N/A,N/A,Human Resources,,1
CFOG36,N/D,SCS1,Programme and Project Management.Deputy Director,Project Delivery - SES,Ministry of Justice,AGY - MoJ HQ,DIR - Estates (CSG),020 3334 3555,general.queries@justice.gsi.gov.uk,CFOG31,1497879,1,N/A,N/A,Property,,1
HMCTS65,N/D,SCS1,Other.Deputy Director,HMCTS Change Programme (HMCS),Ministry of Justice,AGY - HMCTS,Reform,020 3334 3555,general.queries@justice.gsi.gov.uk,HMCTS13,1016314,1,N/A,N/A,Project Delivery,,1
JPSCG40,N/D,SCS1,Policy Delivery.Deputy Director,DG Justice Policy Strategy & Communications Admin,Ministry of Justice,AGY - MoJ HQ,"DIR - DG Justice Policy, Strategy & Communications",020 3334 3555,general.queries@justice.gsi.gov.uk,JPSCG3,878848,1,N/A,N/A,Policy,,1
LAA11,N/D,SCS1,Procurement and Contract Management.Head of Section,Contract Management - General,Ministry of Justice,AGY - Legal Aid Agency,Legal Aid Commissioning and Contract Management,020 3334 3555,general.queries@justice.gsi.gov.uk,LAA8,3955536,1,N/A,N/A,Commercial,,1
OPG4,Alan Eccles,SCS2,Operation Delivery.Director,Executive Support,Ministry of Justice,AGY - Office of the Public Guardian,Strategy & Corporate Services,020 3334 3555,general.queries@justice.gsi.gov.uk,CFOG39,34025750,1,115000,119999,Operational Delivery,,1
JPSCG41,N/D,SCS1,Operation Delivery.Director,Judicial Office - Programme,Ministry of Justice,AGY - MoJ HQ,DIR - Judicial Offices,020 3334 3555,general.queries@justice.gsi.gov.uk,JPSCG32,2519602,1,N/A,N/A,Operational Delivery,,1
CFOG37,N/D,SCS1,Finance.Director,Director's Office Group Finance,Ministry of Justice,AGY - MoJ HQ,DIR - Group Finance,020 3334 3555,general.queries@justice.gsi.gov.uk,CFOG14,2390444,1,N/A,N/A,Finance,,1
HMCTS66,Marie-Claire Uhart,SCS2,Operation Delivery.Business Manager,Transformation Directors,Ministry of Justice,AGY - HMCTS,Reform,020 3334 3555,general.queries@justice.gsi.gov.uk,HMCTS13,2051593,1,95000,99999,Project Delivery,,1
PG10,N/D,SCS1,Human Resources.Deputy Director,HR Business Partners,Ministry of Justice,AGY - MoJ HQ,DIR - MOJ HR,020 3334 3555,general.queries@justice.gsi.gov.uk,PG11,940522,1,N/A,N/A,Human Resources,,1
HMCTS67,Andrew James,SCS2,Operation Delivery.Director,HQ-Property Directorate,Ministry of Justice,AGY - HMCTS,HQ Estates,020 3334 3555,general.queries@justice.gsi.gov.uk,HMCTS59,3970432,1,140000,144999,Property,,1
HMCTS68,N/D,SCS1,Operation Delivery.Deputy Director,HQ-Property Directorate,Ministry of Justice,AGY - HMCTS,HQ Estates,020 3334 3555,general.queries@justice.gsi.gov.uk,HMCTS67,52066,1,N/A,N/A,Property,,1
PG11,Neil Wooding,SCS2,Human Resources.Director,HR Business Partners,Ministry of Justice,AGY - MoJ HQ,DIR - MOJ HR,020 3334 3555,general.queries@justice.gsi.gov.uk,JPSCG29,12479177,1,115000,119999,Human Resources,,1
CFOG38,N/D,SCS1,Finance.Director,FBP Public Sector Prisons & High Security Prisons Admin,Ministry of Justice,AGY - MoJ HQ,DIR - HMPPS Finance,020 3334 3555,general.queries@justice.gsi.gov.uk,CFOG39,4493370,1,N/A,N/A,Finance,,1
HMCTS69,N/D,SCS1,Other.Director,South East RSU,Ministry of Justice,AGY - HMCTS,CT SE Regional Office,020 3334 3555,general.queries@justice.gsi.gov.uk,HMCTS43,41283832,1,N/A,N/A,Operational Delivery,,1
CFOG39,Michael Driver,SCS3,Other.Finance,DG Office CFOG,Ministry of Justice,AGY - MoJ HQ,DIR - Group Finance,020 3334 3555,general.queries@justice.gsi.gov.uk,JPSCG29,143666045,1,175000,179999,Finance,,1
JAOPG37,N/D,SCS1,Policy Delivery.Deputy Director,ALB SUPPORT,Ministry of Justice,AGY - MoJ HQ,DIR - Commissioning,020 3334 3555,general.queries@justice.gsi.gov.uk,JAOPG30,2771299,1,N/A,N/A,Policy,,1
JAOPG38,N/D,SCS1,Other.Deputy Director,Prisons & Probation Ombudsman Programme,Ministry of Justice,AGY - MoJ HQ,DIR - Prisons & Probation Ombudsman (ALB),020 3334 3555,general.queries@justice.gsi.gov.uk,JPSCG1,0,1,N/A,N/A,NA,,1
HMCTS70,Kevin Sadler,SCS2,Operation Delivery.Director,"Civil, Family & Tribunals - Director's Office",Ministry of Justice,AGY - HMCTS,HQ Civil Family and Tribunals,020 3334 3555,general.queries@justice.gsi.gov.uk,HMCTS16,6795861,1,105000,109999,Operational Delivery,,1
PG12,N/D,SCS1,Human Resources.Human Resources,CSHR Casework,Ministry of Justice,AGY - MoJ HQ,DIR - MOJ HR,020 3334 3555,general.queries@justice.gsi.gov.uk,PG11,3675632,1,N/A,N/A,Human Resources,,1
HMCTS71,N/D,SCS1,Operation Delivery.Deputy Director,North West RSU,Ministry of Justice,AGY - HMCTS,CT NW Regional Office,020 3334 3555,general.queries@justice.gsi.gov.uk,HMCTS43,0,1,N/A,N/A,Operational Delivery,,1
HMCTS72,N/D,SCS1,Operation Delivery.Director,North East RSU,Ministry of Justice,AGY - HMCTS,CT NE Regional Office,020 3334 3555,general.queries@justice.gsi.gov.uk,HMCTS43,35329234,1,N/A,N/A,Operational Delivery,,1
HMCTS73,Kevin Gallagher,SCS2,Other.Director,Digital Directorate Admin Staff,Ministry of Justice,AGY - HMCTS,HQ ICT,020 3334 3555,general.queries@justice.gsi.gov.uk,HMCTS16,4293915,1,160000,164999,"Digital, Technology and Data",,1
HMCTS74,N/D,SCS1,Operation Delivery.Deputy Director,North West RSU,Ministry of Justice,AGY - HMCTS,CT NW Regional Office,020 3334 3555,general.queries@justice.gsi.gov.uk,HMCTS43,36486786,1,N/A,N/A,Operational Delivery,,1
CFOG40,N/D,SCS1,General.,Digital Change Staff & Overhead Admin,Ministry of Justice,AGY - MoJ HQ,DIR - Digital and Technology,020 3334 3555,general.queries@justice.gsi.gov.uk,CFOG8,767270,1,N/A,N/A,"Digital, Technology and Data",,1
JAOPG39,N/D,SCS1,Operation Delivery.Senior Manager,HMI Probation Admin,Ministry of Justice,AGY - MoJ HQ,DIR - HMI Probation,020 3334 3555,general.queries@justice.gsi.gov.uk,JPSCG1,0,1,N/A,N/A,Operational Delivery,,1
HMCTS75,Guy Tompkins,SCS2,Operation Delivery.Director,Crime - Director's Office,Ministry of Justice,AGY - HMCTS,Head of Operations,020 3334 3555,general.queries@justice.gsi.gov.uk,HMCTS16,339931722,1,95000,99999,Operational Delivery,,1
LAA12,David Aubrey QC,SCS2,Law.Director,Birmingham Salaried Defenders Service,Ministry of Justice,AGY - Legal Aid Agency,LAA Public Defenders,020 3334 3555,general.queries@justice.gsi.gov.uk,LAA10,1279922,1,140000,144999,Legal,,1
JAOPG40,N/D,SCS1,Policy Delivery.Deputy Director,Prisons & Probation Ombudsman Admin,Ministry of Justice,AGY - MoJ HQ,DIR - Prisons & Probation Ombudsman (ALB),020 3334 3555,general.queries@justice.gsi.gov.uk,JPSCG1,1454384,1,N/A,N/A,Policy,,1
CFOG41,N/D,SCS1,Other.Deputy Director,Facilities Management - SES,Ministry of Justice,AGY - MoJ HQ,DIR - Estates (CSG),020 3334 3555,general.queries@justice.gsi.gov.uk,CFOG31,0,1,N/A,N/A,Property,,1
CFOG42,N/D,SCS1,Finance.Deputy Director,Financial Reporting & Control,Ministry of Justice,AGY - MoJ HQ,DIR - Group Finance,020 3334 3555,general.queries@justice.gsi.gov.uk,CFOG15,3869866,1,N/A,N/A,Finance,,1
HMCTS76,N/D,SCS1,Property Asset Management.Deputy Director,HQ-Property Directorate,Ministry of Justice,AGY - HMCTS,HQ Estates,020 3334 3555,general.queries@justice.gsi.gov.uk,HMCTS67,201767,1,N/A,N/A,Property,,1
HMPPS1,N/D,SCS1,Other.Deputy Director,Public Sector Prisons Directorate,Ministry of Justice,Her Majesty's Prison and Probation Service,DDC London & Thames Valley,020 3334 3555,general.queries@justice.gsi.gov.uk,HMPPS41,69986513,1,N/A,N/A,Operational Delivery,,1
HMPPS2,N/D,SCS1,Other.Deputy Director,Public Sector Prisons Directorate,Ministry of Justice,Her Majesty's Prison and Probation Service,Avon & South Dorset,020 3334 3555,general.queries@justice.gsi.gov.uk,HMPPS41,963772,1,N/A,N/A,Operational Delivery,,1
HMPPS3,N/D,SCS1,Other.Deputy Director,CEO,Ministry of Justice,Her Majesty's Prison and Probation Service,NOMS Executive Management Office,020 3334 3555,general.queries@justice.gsi.gov.uk,HMPPS63,830439,1,N/A,N/A,Operational Delivery,,1
HMPPS4,N/D,SCS1,Other.Deputy Director,Public Sector Prisons Directorate,Ministry of Justice,Her Majesty's Prison and Probation Service,DDC High Security Prisons Group,020 3334 3555,general.queries@justice.gsi.gov.uk,HMPPS32,543526,1,N/A,N/A,Operational Delivery,,1
HMPPS5,Amy-Clare Mason,SCS2,Operation Delivery.Director,HMPPS Wales,Ministry of Justice,Her Majesty's Prison and Probation Service,Director of NOMS Wales,020 3334 3555,general.queries@justice.gsi.gov.uk,HMPPS63,335028869,1,115000,119999,Operational Delivery,,1
HMPPS6,N/D,SCS1,Operational Research.Senior Manager,Community Interventions,Ministry of Justice,Her Majesty's Prison and Probation Service,Community Rehabilitation Services South East and London,020 3334 3555,general.queries@justice.gsi.gov.uk,HMPPS49,3322644,1,N/A,N/A,Commercial,,1
HMPPS7,N/D,SCS1,General.,Rehabilitation & Assurance,Ministry of Justice,Her Majesty's Prison and Probation Service,Offender Safety Rights and Responsibilities Group,020 3334 3555,general.queries@justice.gsi.gov.uk,HMPPS55,5026722,1,N/A,N/A,Policy,,1
HMPPS8,N/D,SCS1,Operation Delivery.Deputy Director,"Security, Order and Counter Terrorism",Ministry of Justice,Her Majesty's Prison and Probation Service,Security Group,020 3334 3555,general.queries@justice.gsi.gov.uk,HMPPS26,9703936,1,N/A,N/A,Security,,1
HMPPS9,N/D,SCS1,Operation Delivery.Director General,Public Sector Prisons Directorate,Ministry of Justice,Her Majesty's Prison and Probation Service,"Kent, Surrey & Sussex Group",020 3334 3555,general.queries@justice.gsi.gov.uk,HMPPS41,39628266,1,N/A,N/A,Operational Delivery,,1
HMPPS10,N/D,SCS1,Administration - General.,Rehabilitation & Assurance,Ministry of Justice,Her Majesty's Prison and Probation Service,Prison Reform: Commissioning Design and Deregulation,020 3334 3555,general.queries@justice.gsi.gov.uk,HMPPS10,NA,0.925,N/A,N/A,Operational Delivery,,1
HMPPS11,N/D,SCS1,Other.Deputy Director,Public Sector Prisons Directorate,Ministry of Justice,Her Majesty's Prison and Probation Service,"Hertfordshire, Essex & Suffolk Group",020 3334 3555,general.queries@justice.gsi.gov.uk,HMPPS41,32476793,1,N/A,N/A,Operational Delivery,,1
HMPPS12,N/D,SCS1,Administration - General.,North East Probation Service,Ministry of Justice,Her Majesty's Prison and Probation Service,North East Probation Service,020 3334 3555,general.queries@justice.gsi.gov.uk,HMPPS21,49415349,1,N/A,N/A,Operational Delivery,,1
HMPPS13,N/D,SCS1,Administration - General.,Probation & Women,Ministry of Justice,Her Majesty's Prison and Probation Service,CI - PSDP Probation System Delivery Programme,020 3334 3555,general.queries@justice.gsi.gov.uk,HMPPS19,812686,0.82927,N/A,N/A,Operational Delivery,,1
HMPPS14,N/D,SCS1,NPS.Senior Manager - Other,Probation & Women,Ministry of Justice,Her Majesty's Prison and Probation Service,NPS Women and Victims Division,020 3334 3555,general.queries@justice.gsi.gov.uk,HMPPS21,379130,0.59459,N/A,N/A,Operational Delivery,,1
HMPPS15,N/D,SCS1,POS.GENERICHead of Policy,Estate Transformation,Ministry of Justice,Her Majesty's Prison and Probation Service,PETP,020 3334 3555,general.queries@justice.gsi.gov.uk,HMPPS59,963285,1,N/A,N/A,Operational Delivery,,1
HMPPS16,N/D,SCS1,NPS.Probation Divisional Director,South West and South Central Probation Service,Ministry of Justice,Her Majesty's Prison and Probation Service,South West and South Central Probation Service,020 3334 3555,general.queries@justice.gsi.gov.uk,HMPPS21,38649447,1,N/A,N/A,Operational Delivery,,1
HMPPS17,N/D,SCS1,General.,Youth Custody Service,Ministry of Justice,Her Majesty's Prison and Probation Service,DDC Young Peoples Group,020 3334 3555,general.queries@justice.gsi.gov.uk,HMPPS33,41257542,1,N/A,N/A,Operational Delivery,,1
HMPPS18,N/D,SCS1,Human Resources.Deputy Director,HR,Ministry of Justice,Her Majesty's Prison and Probation Service,Director of HRs Office and Programme Hub,020 3334 3555,general.queries@justice.gsi.gov.uk,HMPPS52,4040191,1,N/A,N/A,Human Resources (HR),,1
HMPPS19,Ian Blakeman,SCS2,General.,Public Sector Prisons Directorate,Ministry of Justice,Her Majesty's Prison and Probation Service,Executive Governor North East and Yorkshire,020 3334 3555,general.queries@justice.gsi.gov.uk,HMPPS63,25878414,1,105000,109999,Operational Delivery,,1
HMPPS20,N/D,SCS1,Other.Deputy Director,Public Sector Prisons Directorate,Ministry of Justice,Her Majesty's Prison and Probation Service,"Greater Manchester, Merseyside & Cheshire Group",020 3334 3555,general.queries@justice.gsi.gov.uk,HMPPS51,39731536,1,N/A,N/A,Operational Delivery,,1
HMPPS21,Sonia Crozier,SCS2,NPS.Director of National Probation Service,Probation & Women,Ministry of Justice,Her Majesty's Prison and Probation Service,Director of National Probation Service,020 3334 3555,general.queries@justice.gsi.gov.uk,HMPPS5,274755645,1,115000,119999,Operational Delivery,,1
HMPPS22,N/D,SCS1,Other.Deputy Director,Public Sector Prisons Directorate,Ministry of Justice,Her Majesty's Prison and Probation Service,South Central Group,020 3334 3555,general.queries@justice.gsi.gov.uk,HMPPS41,44295169,1,N/A,N/A,Operational Delivery,,1
HMPPS23,N/D,SCS1,General.,Public Sector Prisons Directorate,Ministry of Justice,Her Majesty's Prison and Probation Service,Custodial Services Contract Management,020 3334 3555,general.queries@justice.gsi.gov.uk,HMPPS30,2979206,1,N/A,N/A,Commercial,,1
HMPPS24,N/D,SCS1,General.,Public Sector Prisons Directorate,Ministry of Justice,Her Majesty's Prison and Probation Service,DDC The Midlands,020 3334 3555,general.queries@justice.gsi.gov.uk,HMPPS51,69506410,1,N/A,N/A,Operational Delivery,,1
HMPPS25,N/D,SCS1,HQMP11.C&C Head of Electronic Monitoring Operations (HEMO),Electronic Monitoring,Ministry of Justice,Her Majesty's Prison and Probation Service,Electronic Mon HQ,020 3334 3555,general.queries@justice.gsi.gov.uk,HMPPS42,819316,1,N/A,N/A,Commercial,,1
HMPPS26,Claudia Sturt,SCS2,Other.Director,"Security, Order and Counter Terrorism",Ministry of Justice,Her Majesty's Prison and Probation Service,Security Group,020 3334 3555,general.queries@justice.gsi.gov.uk,HMPPS63,16603855,1,110000,114999,Security,,1
HMPPS27,N/D,SCS1,GC.Governor Complex,Rehabilitation & Assurance,Ministry of Justice,Her Majesty's Prison and Probation Service,"Education, Employment and Accommodation Group",020 3334 3555,general.queries@justice.gsi.gov.uk,HMPPS55,5337498,1,N/A,N/A,Policy,,1
HMPPS28,N/D,SCS1,General.,Community Interventions,Ministry of Justice,Her Majesty's Prison and Probation Service,Community Interventions - Whole System Improvement,020 3334 3555,general.queries@justice.gsi.gov.uk,HMPPS19,293706,1,N/A,N/A,Commercial,,1
HMPPS29,N/D,SCS1,NPS.Probation Divisional Director,Midlands Probation Service,Ministry of Justice,Her Majesty's Prison and Probation Service,Midlands Probation Service,020 3334 3555,general.queries@justice.gsi.gov.uk,HMPPS21,50153729,1,N/A,N/A,Operational Delivery,,1
HMPPS30,Philip Copple,SCS2,Finance & Procurement.,Public Sector Prisons Directorate,Ministry of Justice,Her Majesty's Prison and Probation Service,Director of PSP Office,020 3334 3555,general.queries@justice.gsi.gov.uk,HMPPS63,842132654,1,135000,139999,Operational Delivery,,1
HMPPS31,N/D,SCS1,General.,Wales Probation Service,Ministry of Justice,Her Majesty's Prison and Probation Service,NPS HQ Support,020 3334 3555,general.queries@justice.gsi.gov.uk,HMPPS5,20426843,1,N/A,N/A,Operational Delivery,,1
HMPPS32,Richard Vince,SCS2,Operation Delivery.Director,Public Sector Prisons Directorate,Ministry of Justice,Her Majesty's Prison and Probation Service,DDC High Security Prisons Group,020 3334 3555,general.queries@justice.gsi.gov.uk,HMPPS30,156886942,1,105000,109999,Operational Delivery,,1
HMPPS33,Helga Swidenbank,SCS2,Operation Delivery.Director,Youth Custody Service,Ministry of Justice,Her Majesty's Prison and Probation Service,Director's Office YCS,020 3334 3555,general.queries@justice.gsi.gov.uk,HMPPS63,45109104,1,115000,119999,Operational Delivery,,1
HMPPS34,N/D,SCS1,Other.Deputy Director,Public Sector Prisons Directorate,Ministry of Justice,Her Majesty's Prison and Probation Service,East Midlands Group,020 3334 3555,general.queries@justice.gsi.gov.uk,HMPPS51,35937578,1,N/A,N/A,Operational Delivery,,1
HMPPS35,N/D,SCS1,NPS.Probation Divisional Director,London Probation Service,Ministry of Justice,Her Majesty's Prison and Probation Service,London Probation Service,020 3334 3555,general.queries@justice.gsi.gov.uk,HMPPS21,37096072,1,N/A,N/A,Operational Delivery,,1
HMPPS36,N/D,SCS1,General.,Estate Transformation,Ministry of Justice,Her Majesty's Prison and Probation Service,PETP,020 3334 3555,general.queries@justice.gsi.gov.uk,HMPPS55,2177362,1,N/A,N/A,Operational Delivery,,1
HMPPS37,N/D,SCS1,Human Resources.Deputy Director,HR,Ministry of Justice,Her Majesty's Prison and Probation Service,Organisational Development Group,020 3334 3555,general.queries@justice.gsi.gov.uk,HMPPS52,11091083,1,N/A,N/A,Operational Delivery,,1
HMPPS38,N/D,SCS1,Human Resources.Deputy Director,HR,Ministry of Justice,Her Majesty's Prison and Probation Service,Organisational Development Group,020 3334 3555,general.queries@justice.gsi.gov.uk,HMPPS19,17408240,1,N/A,N/A,Operational Delivery,,1
HMPPS39,N/D,SCS1,NPS.Probation Deputy Director,Probation & Women,Ministry of Justice,Her Majesty's Prison and Probation Service,HQ Operational Business Support,020 3334 3555,general.queries@justice.gsi.gov.uk,HMPPS19,702662,1,N/A,N/A,Operational Delivery,,1
HMPPS40,N/D,SCS1,General.,Public Sector Prisons Directorate,Ministry of Justice,Her Majesty's Prison and Probation Service,Director of PSP Office,020 3334 3555,general.queries@justice.gsi.gov.uk,HMPPS30,299813,1,N/A,N/A,Operational Delivery,,1
HMPPS41,Michelle Jarman-Howe,SCS2,Operation Delivery.Director,Public Sector Prisons Directorate,Ministry of Justice,Her Majesty's Prison and Probation Service,PSP South,020 3334 3555,general.queries@justice.gsi.gov.uk,HMPPS30,306948135,1,105000,109999,Operational Delivery,,1
HMPPS42,Adrian Scott,SCS2,General.,"Security, Order and Counter Terrorism",Ministry of Justice,Her Majesty's Prison and Probation Service,Security Group,020 3334 3555,general.queries@justice.gsi.gov.uk,HMPPS63,1089880,1,100000,104999,Security,,1
HMPPS43,N/D,SCS1,Administration - General.,Community Interventions,Ministry of Justice,Her Majesty's Prison and Probation Service,Project Cedar,020 3334 3555,general.queries@justice.gsi.gov.uk,HMPPS43,NA,1,N/A,N/A,Commercial,,1
HMPPS44,N/D,SCS1,Operation Delivery.Deputy Director,Rehabilitation & Assurance,Ministry of Justice,Her Majesty's Prison and Probation Service,Rehabilitation Systems and Change Group,020 3334 3555,general.queries@justice.gsi.gov.uk,HMPPS55,3547871,1,N/A,N/A,Policy,,1
HMPPS45,N/D,SCS1,Other.Deputy Director,Public Sector Prisons Directorate,Ministry of Justice,Her Majesty's Prison and Probation Service,Immigration Removal & Foreign National Prisons,020 3334 3555,general.queries@justice.gsi.gov.uk,HMPPS41,16285822,1,N/A,N/A,Operational Delivery,,1
HMPPS46,N/D,SCS1,BA.Programmes,Electronic Monitoring,Ministry of Justice,Her Majesty's Prison and Probation Service,Electronic Mon HQ,020 3334 3555,general.queries@justice.gsi.gov.uk,HMPPS42,0,1,N/A,N/A,Commercial,,1
HMPPS47,N/D,SCS1,General.,HMPPS Wales,Ministry of Justice,Her Majesty's Prison and Probation Service,Strategic Support Administration and Assurance,020 3334 3555,general.queries@justice.gsi.gov.uk,HMPPS5,2013772,1,N/A,N/A,Operational Delivery,,1
HMPPS48,N/D,SCS1,Other.Deputy Director,Public Sector Prisons Directorate,Ministry of Justice,Her Majesty's Prison and Probation Service,"Bedfordshire, Cambridgeshire & Norfolk Group",020 3334 3555,general.queries@justice.gsi.gov.uk,HMPPS41,46580419,1,N/A,N/A,Operational Delivery,,1
HMPPS49,Ian Poree,SCS2,Administration - General.,Community Interventions,Ministry of Justice,Her Majesty's Prison and Probation Service,Contract Management Services,020 3334 3555,general.queries@justice.gsi.gov.uk,HMPPS63,4260743,1,140000,144999,Commercial,,1
HMPPS50,N/D,SCS1,Administration - General.,North West Probation Service,Ministry of Justice,Her Majesty's Prison and Probation Service,North West Probation Service,020 3334 3555,general.queries@justice.gsi.gov.uk,HMPPS21,47399699,1,N/A,N/A,Operational Delivery,,1
HMPPS51,Alan Scott,SCS2,Operation Delivery.Director,Public Sector Prisons Directorate,Ministry of Justice,Her Majesty's Prison and Probation Service,DDC North West,020 3334 3555,general.queries@justice.gsi.gov.uk,HMPPS30,374363343,1,105000,109999,Operational Delivery,,1
HMPPS52,Martin Beecroft,SCS2,Human Resources.,HR,Ministry of Justice,Her Majesty's Prison and Probation Service,Director of HRs Office and Programme Hub,020 3334 3555,general.queries@justice.gsi.gov.uk,HMPPS63,15800243,1,110000,114999,Human Resources (HR),,1
HMPPS53,N/D,SCS1,Operational Manager.,Public Sector Prisons Directorate,Ministry of Justice,Her Majesty's Prison and Probation Service,Estates Contract Management,020 3334 3555,general.queries@justice.gsi.gov.uk,HMPPS51,29720681,1,N/A,N/A,Commercial,,1
HMPPS54,N/D,SCS1,Administration - General.,Estate Transformation,Ministry of Justice,Her Majesty's Prison and Probation Service,PETP: Custodial Capacity,020 3334 3555,general.queries@justice.gsi.gov.uk,HMPPS59,2021510,1,N/A,N/A,Operational Delivery,,1
HMPPS55,Digby Griffith,SCS2,Finance & Procurement.,Rehabilitation & Assurance,Ministry of Justice,Her Majesty's Prison and Probation Service,Rehabilitation Systems and Change Group,020 3334 3555,general.queries@justice.gsi.gov.uk,HMPPS63,45091667,1,100000,104999,Policy,,1
HMPPS56,N/D,SCS1,Other.Deputy Director,Public Sector Prisons Directorate,Ministry of Justice,Her Majesty's Prison and Probation Service,North Midlands Group,020 3334 3555,general.queries@justice.gsi.gov.uk,HMPPS51,35428670,1,N/A,N/A,Operational Delivery,,1
HMPPS57,N/D,SCS1,Finance & Procurement.,Public Sector Prisons Directorate,Ministry of Justice,Her Majesty's Prison and Probation Service,Offender Management and Public Protection Group,020 3334 3555,general.queries@justice.gsi.gov.uk,HMPPS21,8884203,1,N/A,N/A,Policy,,1
HMPPS58,N/D,SCS1,General.,South East and Eastern Probation Service,Ministry of Justice,Her Majesty's Prison and Probation Service,South East and Eastern Probation Service,020 3334 3555,general.queries@justice.gsi.gov.uk,HMPPS21,41979975,1,N/A,N/A,Operational Delivery,,1
HMPPS59,Simon Boddis,SCS2,Programme and Project Management.Director,Estate Transformation,Ministry of Justice,Her Majesty's Prison and Probation Service,PETP,020 3334 3555,general.queries@justice.gsi.gov.uk,HMPPS63,6640208,1,90000,94999,Operational Delivery,,1
HMPPS60,N/D,SCS1,Other.Deputy Director,HMPPS Wales,Ministry of Justice,Her Majesty's Prison and Probation Service,Lead Governor Office,020 3334 3555,general.queries@justice.gsi.gov.uk,HMPPS5,37158942,1,N/A,N/A,Operational Delivery,,1
HMPPS61,N/D,SCS1,Other.Deputy Director,Public Sector Prisons Directorate,Ministry of Justice,Her Majesty's Prison and Probation Service,DDC North East and Yorkshire,020 3334 3555,general.queries@justice.gsi.gov.uk,HMPPS51,39588486,1,N/A,N/A,Operational Delivery,,1
HMPPS62,N/D,SCS1,General.,Public Sector Prisons Directorate,Ministry of Justice,Her Majesty's Prison and Probation Service,DDC North East and Yorkshire,020 3334 3555,general.queries@justice.gsi.gov.uk,HMPPS51,67850729,1,N/A,N/A,Operational Delivery,,1
HMPPS63,Michael Spurr,SCS3,Administration - General.,CEO,Ministry of Justice,Her Majesty's Prison and Probation Service,NOMS Executive Management Office,020 3334 3555,general.queries@justice.gsi.gov.uk,XX,1339698550,1,145000,149999,Operational Delivery,,1
HMPPS64,N/D,SCS1,Other.Deputy Director,Public Sector Prisons Directorate,Ministry of Justice,Her Majesty's Prison and Probation Service,Devon & North Dorset Prisons,020 3334 3555,general.queries@justice.gsi.gov.uk,HMPPS41,26195686,1,N/A,N/A,Operational Delivery,,1
HMPPS65,N/D,SCS1,Administration - General.,Public Sector Prisons Directorate,Ministry of Justice,Her Majesty's Prison and Probation Service,Contract Management FM,020 3334 3555,general.queries@justice.gsi.gov.uk,HMPPS59,177471,1,N/A,N/A,Commercial,,1
HMPPS66,N/D,SCS1,Other.Deputy Director,Public Sector Prisons Directorate,Ministry of Justice,Her Majesty's Prison and Probation Service,DDC Women's Estates,020 3334 3555,general.queries@justice.gsi.gov.uk,HMPPS51,47497166,1,N/A,N/A,Operational Delivery,,1
